URL,IP anon,3rd Party Requests,1st Party Cookies,3rd Party Cookies,3rd Party Requests List,1st Party Cookies List,3rd Party Cookies List
https://github.com/,Non Ano,55,6,8,"- https://github.githubassets.com/assets/frameworks-415d593418d9cfcb2d3f1fae87864029.css,
- https://github.githubassets.com/assets/site-d137ecc57e889d116897e118cf8341e5.css,
- https://github.githubassets.com/assets/github-c4615d65428afe89e146a4faa39f68db.css,
- https://github.githubassets.com/assets/features-da7e7e20.js,
- https://github.githubassets.com/images/search-key-slash.svg,
- https://github.githubassets.com/images/modules/site/home/globe-700.jpg,
- https://github.githubassets.com/images/modules/site/home/hero-glow.svg,
- https://github.githubassets.com/images/modules/site/home/astro-mona-alpha.png,
- https://github.githubassets.com/images/modules/site/home/astro-mona.jpg,
- https://github.githubassets.com/images/modules/site/home/repo-browser.png,
- https://github.githubassets.com/images/modules/site/home/gh-mobile.png,
- https://github.githubassets.com/images/modules/site/home/gh-mobile.av1.mp4,
- https://github.githubassets.com/images/modules/site/home/codespaces-vscode-1.png,
- https://github.githubassets.com/images/modules/site/home/codespaces-vscode-2.png,
- https://github.githubassets.com/images/modules/site/home/codespaces-vscode-3.png,
- https://github.githubassets.com/images/modules/site/home/actions-autocomplete.poster.png,
- https://github.githubassets.com/images/modules/site/home/actions-editor-sidebar.png,
- https://github.githubassets.com/images/modules/site/home/actions-editor.png,
- https://github.githubassets.com/assets/environment-a817b244.js,
- https://github.githubassets.com/assets/vendor-03ddabfa.js,
- https://github.githubassets.com/assets/frameworks-a201d7ac.js,
- https://github.githubassets.com/assets/behaviors-7b0c5801.js,
- https://github.githubassets.com/assets/unsupported-9ff482af.js,
- https://github.githubassets.com/assets/marketing-f40bc6bf.js,
- https://github.githubassets.com/assets/github-522842e4.js,
- https://github.githubassets.com/images/modules/site/home/actions-autocomplete.av1.mp4,
- https://github.githubassets.com/images/modules/site/heroes/simple-codelines.svg,
- https://github.githubassets.com/images/modules/site/patterns/contribution-graph.svg,
- https://github.githubassets.com/images/modules/site/patterns/dots-small.svg,
- https://github.githubassets.com/static/fonts/inter/Inter-Medium.woff,
- https://github.githubassets.com/static/fonts/inter/Inter-Regular.woff,
- https://github.githubassets.com/images/modules/site/home/space.svg,
- https://github.githubassets.com/images/modules/orgs/enterprise.svg,
- https://github.githubassets.com/images/modules/site/icons/support.svg,
- https://github.githubassets.com/images/modules/site/logos/airbnb-logo.png,
- https://github.githubassets.com/images/modules/site/logos/sap-logo.png,
- https://github.githubassets.com/images/modules/site/logos/ibm-logo.png,
- https://github.githubassets.com/images/modules/site/logos/google-logo.png,
- https://github.githubassets.com/images/modules/site/logos/paypal-logo.png,
- https://github.githubassets.com/images/modules/site/logos/bloomberg-logo.png,
- https://github.githubassets.com/images/modules/site/logos/spotify-logo.png,
- https://github.githubassets.com/images/modules/site/logos/swift-logo.png,
- https://github.githubassets.com/images/modules/site/logos/facebook-logo.png,
- https://github.githubassets.com/images/modules/site/logos/node-logo.png,
- https://github.githubassets.com/images/modules/site/logos/nasa-logo.png,
- https://github.githubassets.com/images/modules/site/logos/walmart-logo.png,
- https://github.githubassets.com/images/modules/site/home/team.svg,
- https://customer-stories-feed.github.com/customer_stories/mgm-resorts/hero.jpg,
- https://customer-stories-feed.github.com/customer_stories/nationwide/nw_hero.jpg,
- https://customer-stories-feed.github.com/customer_stories/sap/sap6.jpg,
- https://customer-stories-feed.github.com/customer_stories/spotify/spotifyhero.jpg,
- https://api.github.com/_private/browser/stats,
- https://www.google-analytics.com/r/collect,
- https://collector.githubapp.com/github/page_view?dimensions[page]=https%3A%2F%2Fgithub.com%2F&dimensions[title]=GitHub%3A%20Where%20the%20world%20builds%20software%20%C2%B7%20GitHub&dimensions[referre,
- https://api.github.com/_private/browser/stats","- {""name"":""tz"",""value"":""Africa%2FNairobi"",""domain"":"".github.com"",""path"":""/"",""expires"":-1,""size"":18,""httpOnly"":false,""secure"":true,""session"":true,""sameSite"":""Lax""},
- {""name"":""_gat"",""value"":""1"",""domain"":"".github.com"",""path"":""/"",""expires"":1602535188,""size"":5,""httpOnly"":false,""secure"":false,""session"":false},
- {""name"":""logged_in"",""value"":""no"",""domain"":"".github.com"",""path"":""/"",""expires"":1634070595.822303,""size"":11,""httpOnly"":true,""secure"":true,""session"":false,""sameSite"":""Lax""},
- {""name"":""_octo"",""value"":""GH1.1.601327086.1602534585"",""domain"":"".github.com"",""path"":""/"",""expires"":1634070595.822264,""size"":31,""httpOnly"":false,""secure"":true,""session"":false,""sameSite"":""Lax""},
- {""name"":""_ga"",""value"":""GA1.2.767087984.1602534588"",""domain"":"".github.com"",""path"":""/"",""expires"":1665606588,""size"":29,""httpOnly"":false,""secure"":false,""session"":false},
- {""name"":""_gh_sess"",""value"":""%2BmLb%2FNAw4CG%2F93Ou87xjFGV20%2BtQLDA3gLnLb%2Be3d3MiGllqKHkI1M%2FLXALXtf%2BWBnnoi6NGodLfChHErQF9rEp017LPtnNdo64tbKC0pi1eIwuOVWW1fNehjI%2FgZImrqBREX83RArmzZSFQ8Ahd%2BN4PI0X3QeHhiNNIC6HUXY40SZIVQCSUZqtCMnaEp59YbqjxpLVWEvws%2FafbqHIrIQVhJh0QGDcfQclWjTInhEU%2BWAy%2FTn0%2F5K7AunJHcT%2FmWUKNzp9BhKdhXD9hkACdag%3D%3D--4bhhKN2HsQ64MUJL--HOAuvMLnr7%2B5rwTwJbVCeg%3D%3D"",""domain"":""github.com"",""path"":""/"",""expires"":-1,""size"":370,""httpOnly"":true,""secure"":true,""session"":true,""sameSite"":""Lax""}","- {""name"":""prov"",""value"":""d6b94388-1012-a0a9-b936-26568a9a28d6"",""domain"":"".stackoverflow.com"",""path"":""/"",""expires"":2682374400.680391,""size"":40,""httpOnly"":true,""secure"":false,""session"":false,""priority"":""Medium""},
- {""name"":""UID"",""value"":""1D323a54a15969a256406601602534588"",""domain"":"".scorecardresearch.com"",""path"":""/"",""expires"":1664742588.956428,""size"":36,""httpOnly"":false,""secure"":true,""session"":false,""sameSite"":""None"",""priority"":""Medium""},
- {""name"":""UIDR"",""value"":""1602534588"",""domain"":"".scorecardresearch.com"",""path"":""/"",""expires"":1664742588.956513,""size"":14,""httpOnly"":false,""secure"":true,""session"":false,""sameSite"":""None"",""priority"":""Medium""},
- {""name"":""_ga"",""value"":""GA1.2.1095575185.1602534589"",""domain"":"".stackoverflow.com"",""path"":""/"",""expires"":1665606588,""size"":30,""httpOnly"":false,""secure"":false,""session"":false,""priority"":""Medium""},
- {""name"":""_gid"",""value"":""GA1.2.1901426260.1602534589"",""domain"":"".stackoverflow.com"",""path"":""/"",""expires"":1602620988,""size"":31,""httpOnly"":false,""secure"":false,""session"":false,""priority"":""Medium""},
- {""name"":""_gat"",""value"":""1"",""domain"":"".stackoverflow.com"",""path"":""/"",""expires"":1602534648,""size"":5,""httpOnly"":false,""secure"":false,""session"":false,""priority"":""Medium""},
- {""name"":""mc"",""value"":""5f84bcbe-1dd3f-9edd6-1754f"",""domain"":"".quantserve.com"",""path"":""/"",""expires"":1636748990.531272,""size"":28,""httpOnly"":false,""secure"":true,""session"":false,""sameSite"":""None"",""priority"":""Medium""},
- {""name"":""__qca"",""value"":""P0-967578818-1602534589932"",""domain"":"".stackoverflow.com"",""path"":""/"",""expires"":1636403390,""size"":31,""httpOnly"":false,""secure"":false,""session"":false,""priority"":""Medium""}"
https://stackoverflow.com,Non Ano,52,5,9,"- https://ajax.googleapis.com/ajax/libs/jquery/1.12.4/jquery.min.js,
- https://cdn.sstatic.net/Js/stub.en.js?v=95c09d5a640b,
- https://cdn.sstatic.net/Shared/stacks.css?v=3b16a418cc4c,
- https://cdn.sstatic.net/Sites/stackoverflow/primary.css?v=2566fa504eb7,
- https://cdn.sstatic.net/Shared/Product/product.css?v=be860e9ff8ed,
- https://cdn.sstatic.net/Shared/Channels/channels.css?v=abbdda2e119a,
- https://cdn.sstatic.net/Img/home/public-qa.svg?v=d82acaa7df9f,
- https://cdn.sstatic.net/Img/home/private-qa.svg?v=2c1de180b6d7,
- https://cdn.sstatic.net/Img/home/jobs.svg?v=931d6c0863ee,
- https://cdn.sstatic.net/Img/home/private-questions.svg?v=a4f1cfb08f7e,
- https://cdn.sstatic.net/Img/home/find-candidate.svg?v=9099aa106ad3,
- https://cdn.sstatic.net/Img/home/accelerate.svg?v=9d4c2786ff02,
- https://cdn.sstatic.net/Img/product/teams/endorsements/g2.svg?v=670bf9279910,
- https://cdn.sstatic.net/Img/product/teams/endorsements/fastco.svg?v=5ebc802a76c7,
- https://cdn.sstatic.net/Img/home/ask-a-question.svg?v=f4f2050b0297,
- https://cdn.sstatic.net/Img/home/votes.svg?v=748a8f48a8e2,
- https://cdn.sstatic.net/Img/home/answer.svg?v=4cd8048a676c,
- https://cdn.sstatic.net/Img/home/tags.svg?v=913379eb09eb,
- https://cdn.sstatic.net/Img/home/accept.svg?v=27d5be078970,
- https://cdn.sstatic.net/Img/home/get-recognized.svg?v=3b339d9aa10c,
- https://cdn.sstatic.net/Img/home/illo-feats-ask.svg?v=b6cd07f0765a,
- https://cdn.sstatic.net/Img/home/illo-feats-vote.svg?v=9d2eb0efdc17,
- https://cdn.sstatic.net/Img/home/illo-feats-answer.svg?v=b637b99bc32a,
- https://cdn.sstatic.net/Img/home/illo-feats-tags.svg?v=0655cbe6bffa,
- https://cdn.sstatic.net/Img/home/illo-feats-accept.svg?v=f2be4b8dfdac,
- https://cdn.sstatic.net/Img/home/illo-feats-recognize.svg?v=4f011d7173e8,
- https://cdn.sstatic.net/Img/home/developer.svg?v=b930de7967a7,
- https://cdn.sstatic.net/Img/home/open-source.svg?v=847b604fd2ab,
- https://cdn.sstatic.net/Img/home/advocate.svg?v=4b03cfb93502,
- https://cdn.sstatic.net/Img/home/career-switcher.svg?v=a41416ff19df,
- https://cdn.sstatic.net/Img/home/jobs-tech.svg?v=42f011c01763,
- https://cdn.sstatic.net/Img/home/jobs-salary.svg?v=401840ff8931,
- https://cdn.sstatic.net/Img/home/jobs-visa.svg?v=1f3acc6dc772,
- https://cdn.sstatic.net/Img/home/jobs-remote.svg?v=a4b4d1b5a80c,
- https://cdn.sstatic.net/Img/home/robot.svg?v=dfa16a330cbd,
- https://cdn.sstatic.net/Img/unified/sprites.svg?v=fcc0ea44ba27,
- https://cdn.sstatic.net/Img/home/illo-hero-full.svg?v=e2018a5f9272,
- https://cdn.sstatic.net/Img/product/teams/illo-teams-pricing-shadow.svg?v=9954fe201b05,
- https://cdn.sstatic.net/Fonts/roboto-slab/roboto-slab-bold-webfont.woff?v=719d1c709127,
- https://cdn.sstatic.net/Fonts/source-sans-pro/source-sans-pro-regular-webfont.woff?v=993db0ec4347,
- https://cdn.sstatic.net/Fonts/roboto-slab/roboto-slab-regular-webfont.woff?v=a75088a46d79,
- https://cdn.sstatic.net/Fonts/source-sans-pro/source-sans-pro-bold-webfont.woff?v=f52ccc0bbce9,
- https://www.google-analytics.com/analytics.js,
- https://secure.quantserve.com/quant.js,
- https://sb.scorecardresearch.com/beacon.js,
- https://cdn.sstatic.net/Js/full-anon.en.js?v=0e0dedbe7749,
- https://sb.scorecardresearch.com/b?c1=2&c2=17440561&ns__t=1602534588100&ns_c=UTF-8&cv=3.5&c8=Stack%20Overflow%20-%20Where%20Developers%20Learn%2C%20Share%2C%20%26%20Build%20Careers&c7=https%3A%2F%2Fst,
- https://sb.scorecardresearch.com/b2?c1=2&c2=17440561&ns__t=1602534588100&ns_c=UTF-8&cv=3.5&c8=Stack%20Overflow%20-%20Where%20Developers%20Learn%2C%20Share%2C%20%26%20Build%20Careers&c7=https%3A%2F%2Fs,
- https://www.google-analytics.com/j/collect?v=1&_v=j86&a=1380600516&t=pageview&_s=1&dl=https%3A%2F%2Fstackoverflow.com%2F&dp=%2F&ul=en-us&de=UTF-8&dt=Stack%20Overflow%20-%20Where%20Developers%20Learn%2,
- https://rules.quantcount.com/rules-p-c1rF4kxgLUzNc.js,
- https://stats.g.doubleclick.net/j/collect?t=dc&aip=1&_r=3&v=1&_v=j86&tid=UA-108242619-1&cid=1095575185.1602534589&jid=2048886707&gjid=988514597&_gid=1901426260.1602534589&_u=aGBAAEAAEAAAAC~&z=19352057,
- https://pixel.quantserve.com/pixel;r=535454551;rf=0;uht=2;a=p-c1rF4kxgLUzNc;url=https%3A%2F%2Fstackoverflow.com%2F;fpan=1;fpa=P0-967578818-1602534589932;ns=0;ce=1;qjs=1;qv=3364aec3-20201006003021;cm=;","- {""name"":""__qca"",""value"":""P0-967578818-1602534589932"",""domain"":"".stackoverflow.com"",""path"":""/"",""expires"":1636403390,""size"":31,""httpOnly"":false,""secure"":false,""session"":false},
- {""name"":""_gat"",""value"":""1"",""domain"":"".stackoverflow.com"",""path"":""/"",""expires"":1602534648,""size"":5,""httpOnly"":false,""secure"":false,""session"":false},
- {""name"":""_ga"",""value"":""GA1.2.1095575185.1602534589"",""domain"":"".stackoverflow.com"",""path"":""/"",""expires"":1665606588,""size"":30,""httpOnly"":false,""secure"":false,""session"":false},
- {""name"":""_gid"",""value"":""GA1.2.1901426260.1602534589"",""domain"":"".stackoverflow.com"",""path"":""/"",""expires"":1602620988,""size"":31,""httpOnly"":false,""secure"":false,""session"":false},
- {""name"":""prov"",""value"":""d6b94388-1012-a0a9-b936-26568a9a28d6"",""domain"":"".stackoverflow.com"",""path"":""/"",""expires"":2682374400.680391,""size"":40,""httpOnly"":true,""secure"":false,""session"":false}","- {""name"":""_gh_sess"",""value"":""%2BmLb%2FNAw4CG%2F93Ou87xjFGV20%2BtQLDA3gLnLb%2Be3d3MiGllqKHkI1M%2FLXALXtf%2BWBnnoi6NGodLfChHErQF9rEp017LPtnNdo64tbKC0pi1eIwuOVWW1fNehjI%2FgZImrqBREX83RArmzZSFQ8Ahd%2BN4PI0X3QeHhiNNIC6HUXY40SZIVQCSUZqtCMnaEp59YbqjxpLVWEvws%2FafbqHIrIQVhJh0QGDcfQclWjTInhEU%2BWAy%2FTn0%2F5K7AunJHcT%2FmWUKNzp9BhKdhXD9hkACdag%3D%3D--4bhhKN2HsQ64MUJL--HOAuvMLnr7%2B5rwTwJbVCeg%3D%3D"",""domain"":""github.com"",""path"":""/"",""expires"":-1,""size"":370,""httpOnly"":true,""secure"":true,""session"":true,""sameSite"":""Lax"",""priority"":""Medium""},
- {""name"":""_octo"",""value"":""GH1.1.601327086.1602534585"",""domain"":"".github.com"",""path"":""/"",""expires"":1634070595.822264,""size"":31,""httpOnly"":false,""secure"":true,""session"":false,""sameSite"":""Lax"",""priority"":""Medium""},
- {""name"":""logged_in"",""value"":""no"",""domain"":"".github.com"",""path"":""/"",""expires"":1634070595.822303,""size"":11,""httpOnly"":true,""secure"":true,""session"":false,""sameSite"":""Lax"",""priority"":""Medium""},
- {""name"":""_ga"",""value"":""GA1.2.767087984.1602534588"",""domain"":"".github.com"",""path"":""/"",""expires"":1665606588,""size"":29,""httpOnly"":false,""secure"":false,""session"":false,""priority"":""Medium""},
- {""name"":""_gat"",""value"":""1"",""domain"":"".github.com"",""path"":""/"",""expires"":1602535188,""size"":5,""httpOnly"":false,""secure"":false,""session"":false,""priority"":""Medium""},
- {""name"":""UID"",""value"":""1D323a54a15969a256406601602534588"",""domain"":"".scorecardresearch.com"",""path"":""/"",""expires"":1664742588.956428,""size"":36,""httpOnly"":false,""secure"":true,""session"":false,""sameSite"":""None"",""priority"":""Medium""},
- {""name"":""UIDR"",""value"":""1602534588"",""domain"":"".scorecardresearch.com"",""path"":""/"",""expires"":1664742588.956513,""size"":14,""httpOnly"":false,""secure"":true,""session"":false,""sameSite"":""None"",""priority"":""Medium""},
- {""name"":""tz"",""value"":""Africa%2FNairobi"",""domain"":"".github.com"",""path"":""/"",""expires"":-1,""size"":18,""httpOnly"":false,""secure"":true,""session"":true,""sameSite"":""Lax"",""priority"":""Medium""},
- {""name"":""mc"",""value"":""5f84bcbe-1dd3f-9edd6-1754f"",""domain"":"".quantserve.com"",""path"":""/"",""expires"":1636748990.531272,""size"":28,""httpOnly"":false,""secure"":true,""session"":false,""sameSite"":""None"",""priority"":""Medium""}"
